{
    "categories": [
        {
            "score": {
                "cat_question_num": 10,
                "cat_score_total": 31,
                "cat_score_avg": 3.1,
                "cat_score_sd": 4.8
            }
        }
    ],
    "Overall": {
        "question_num": 10,
        "score_total": 30.22222222222222,
        "score_avg": 3.022222222222222,
        "score_sd": 1.2472191289246473
    }
}