{
    "categories": [
        {
            "score": {
                "cat_question_num": 12,
                "cat_score_total": 22.2,
                "cat_score_avg": 2.22,
                "cat_score_sd": 0.57
            }
        }
    ],
    "Overall": {
        "question_num": 12,
        "score_total": 47.88888888888889,
        "score_avg": 3.990740740740741,
        "score_sd": 2.211083193570267
    }
}